{
  "intents": [
    {
      "tag": "greeting",
      "patterns": ["Hi", "Hello", "Hey", "Good morning", "Good evening"],
      "responses": ["Hello!", "Hi there!", "Greetings!", "How can I help you?"]
    },
    {
      "tag": "goodbye",
      "patterns": ["Bye", "See you later", "Goodbye"],
      "responses": ["See you!", "Goodbye!", "Take care!"]
    },
    {
      "tag": "thanks",
      "patterns": ["Thanks", "Thank you", "That's helpful"],
      "responses": ["You're welcome!", "No problem!", "Anytime!"]
    },
    {
      "tag": "noanswer",
      "patterns": [],
      "responses": ["Sorry, I don't understand that."]
    }
  ]
}